{
  "train": {
    "MAE": 10916964.722884076,
    "RMSE": 26414352.860800967,
    "R2": 0.8889197921171931,
    "MAPE": 58.824893161667404
  },
  "val": {
    "MAE": 11963129.679341877,
    "RMSE": 29069266.4486022,
    "R2": 0.8529920106462401,
    "MAPE": 65.2359476720362
  },
  "test": {
    "MAE": 11592927.564645136,
    "RMSE": 28277275.188019697,
    "R2": 0.8491982499661029,
    "MAPE": 75.22306049371093
  },
  "best_iteration": 140,
  "hyperparameters": {
    "objective": "regression",
    "metric": "rmse",
    "boosting_type": "gbdt",
    "n_estimators": 1000,
    "learning_rate": 0.05,
    "num_leaves": 63,
    "max_depth": -1,
    "min_child_samples": 20,
    "feature_fraction": 0.8,
    "bagging_fraction": 0.8,
    "bagging_freq": 5,
    "reg_alpha": 0.1,
    "reg_lambda": 0.1,
    "random_state": 42
  }
}