{
  "train": {
    "MAE": 10208723.6700636,
    "RMSE": 24189546.577845164,
    "R2": 0.8389503316097875,
    "MAPE": 89.36540383002493
  },
  "val": {
    "MAE": 11886026.890575467,
    "RMSE": 27637651.44473191,
    "R2": 0.7792879089560517,
    "MAPE": 134.66453667535808
  },
  "test": {
    "MAE": 11158692.838108143,
    "RMSE": 25349243.358005617,
    "R2": 0.8055703671525157,
    "MAPE": 145.28879165656377
  },
  "best_iteration": 214,
  "hyperparameters": {
    "objective": "regression",
    "metric": "rmse",
    "boosting_type": "gbdt",
    "n_estimators": 1000,
    "learning_rate": 0.05,
    "num_leaves": 63,
    "max_depth": -1,
    "min_child_samples": 20,
    "feature_fraction": 0.8,
    "bagging_fraction": 0.8,
    "bagging_freq": 5,
    "reg_alpha": 0.1,
    "reg_lambda": 0.1,
    "random_state": 42
  }
}