{
  "train": {
    "MAE": 13699921.414172443,
    "RMSE": 30797870.001783498,
    "R2": 0.855850336437762,
    "MAPE": 73.96434309792
  },
  "val": {
    "MAE": 13362464.980101151,
    "RMSE": 31274348.411169965,
    "R2": 0.833683161805994,
    "MAPE": 69.6434668382351
  },
  "test": {
    "MAE": 13590660.483083442,
    "RMSE": 30516515.55604912,
    "R2": 0.8303854579621115,
    "MAPE": 83.61907448802732
  },
  "best_iteration": 186,
  "hyperparameters": {
    "objective": "regression",
    "metric": "rmse",
    "boosting_type": "gbdt",
    "n_estimators": 1000,
    "learning_rate": 0.05,
    "num_leaves": 63,
    "max_depth": -1,
    "min_child_samples": 20,
    "feature_fraction": 0.8,
    "bagging_fraction": 0.8,
    "bagging_freq": 5,
    "reg_alpha": 0.1,
    "reg_lambda": 0.1,
    "random_state": 42
  }
}