{
  "train": {
    "MAE": 0.0012154384352394269,
    "RMSE": 0.0016252180831880056,
    "R2": 0.9999674786589445,
    "MAPE": 0.14173972944660493
  },
  "val": {
    "MAE": 0.02066867951516697,
    "RMSE": 0.02671794953628209,
    "R2": 0.9914567418954658,
    "MAPE": 2.410951445412182
  },
  "test": {
    "MAE": 0.020567500286499632,
    "RMSE": 0.02661855615338243,
    "R2": 0.9916883632318512,
    "MAPE": 2.3723171820930857
  },
  "best_iteration": 1729,
  "hyperparameters": {
    "objective": "huber",
    "metric": "mae",
    "boosting_type": "gbdt",
    "n_estimators": 2000,
    "learning_rate": 0.05,
    "num_leaves": 31,
    "max_depth": 8,
    "min_child_samples": 10,
    "feature_fraction": 0.9,
    "bagging_fraction": 0.9,
    "bagging_freq": 5,
    "random_state": 42
  }
}