{
  "Property Type": 1.0218451787887461,
  "District / Location": 0.35691089865972314,
  "Number of Bedrooms": 0.16134770688682923,
  "Number of Bathrooms": 0.12687429261983585,
  "Land Size (Perches)": 0.5649439658856215,
  "Rental vs Sale": 0.0,
  "Quality Tier (Luxury)": 0.050231388118159734,
  "Furnishing Status": 0.006628737562835696
}