{
  "Property Type": 0.8601764488894043,
  "District / Location": 0.3213665728810399,
  "Number of Bedrooms": 0.1897251282605429,
  "Number of Bathrooms": 0.45427284056404915,
  "Land Size (Perches)": 0.31439077263486254,
  "Rental vs Sale": 0.0,
  "Quality Tier (Luxury)": 0.03216148318449791,
  "Furnishing Status": 0.006948351316410531
}