{
  "District": 0.001293368838658297,
  "Elevation Zone": 0.0002853392820746466,
  "Rainfall (mm)": 0.08001941276172632,
  "Avg Temperature (\u00b0C)": 0.09198287296852048,
  "Soil Nitrogen (N)": 0.17228072408240305,
  "Soil Phosphorus (P)": 0.04847585268349867,
  "Soil Potassium (K)": 0.047810026555598524,
  "Soil pH Level": 0.0007399153718748722,
  "Fertilizer Type": 0.09389712017057526,
  "Drainage Quality": 0.000630551346198217
}