{
  "Property Type": 0.8316691774111536,
  "District / Location": 0.2551034316799748,
  "Number of Bedrooms": 0.11225187098489448,
  "Number of Bathrooms": 0.18285752054825563,
  "Land Size (Perches)": 0.7862872093650439,
  "Rental vs Sale": 0.0
}